"Url","PostCount"
"http://square.github.io/okhttp/",9
"http://square.github.io/retrofit/",3
"https://github.com/square/okhttp",2
"https://guides.codepath.com/android/Using-OkHttp#asynchronous-network-calls",1
"https://futurestud.io/blog/retrofit-getting-started-and-android-client/",1
"https://raw.githubusercontent.com/square/okhttp/master/samples/guide/src/main/java/okhttp3/guide/PostExample.java",1
"https://square.github.io/okhttp/",1
"https://guides.codepath.com/android/Using-OkHttp",1
"http://developer.android.com/reference/java/net/HttpURLConnection.html",1
"http://developer.android.com/reference/org/json/JSONObject.html#toString",1
"http://developer.android.com/reference/android/os/AsyncTask.html",1
